country,continent,coast
Afghanistan,Asia,False
Albania,Europe,True
Algeria,Africa,True
Angola,Africa,True
Antigua and Barbuda,North America,True
Argentina,South America,True
Armenia,Asia,False
Australia,Oceania,True
Austria,Europe,False
Azerbaijan,Asia,True
Bahamas,North America,True
Bahrain,Asia,True
Bangladesh,Asia,True
Barbados,North America,True
Belarus,Europe,False
Belgium,Europe,True
Belize,North America,True
Benin,Africa,True
Bhutan,Asia,False
Bolivia,South America,False
Bosnia and Herzegovina,Europe,True
Botswana,Africa,False
Brazil,South America,True
Brunei,Asia,True
Bulgaria,Europe,True
Burkina Faso,Africa,False
Burundi,Africa,False
Cambodia,Asia,True
Cameroon,Africa,True
Canada,North America,True
Cape Verde,Africa,True
Central African Republic,Africa,False
Chad,Africa,False
Chile,South America,True
China,Asia,True
Colombia,South America,True
Comoros,Africa,True
Democratic Republic of the Congo,Africa,False
Republic of the Congo,Africa,True
Costa Rica,North America,True
Ivory Coast,Africa,True
Croatia,Europe,True
Cyprus,Europe,True
Czech Republic,Europe,False
Denmark,Europe,True
Dominican Republic,North America,True
Ecuador,South America,True
Egypt,Africa,True
El Salvador,North America,True
Equatorial Guinea,Africa,True
Eritrea,Africa,True
Estonia,Europe,True
Fiji,Oceania,True
Finland,Europe,True
France,Europe,True
Gabon,Africa,True
Gambia,Africa,True
Georgia,Asia,True
Germany,Europe,True
Ghana,Africa,True
Greece,Europe,True
Grenada,North America,True
Guatemala,North America,True
Guinea,Africa,True
Guinea-Bissau,Africa,True
Guyana,South America,True
Haiti,North America,True
Hungary,Europe,False
Iceland,Europe,True
India,Asia,True
Indonesia,Asia,True
Iran,Asia,True
Iraq,Asia,True
Ireland,Europe,True
Israel,Asia,True
Italy,Europe,True
Jamaica,North America,True
Japan,Asia,True
Jordan,Asia,False
Kazakhstan,Asia,False
Kenya,Africa,True
Kiribati,Oceania,True
Kuwait,Asia,True
Kyrgyzstan,Asia,False
Laos,Asia,False
Latvia,Europe,True
Lebanon,Asia,True
Lesotho,Africa,False
Liberia,Africa,True
Libya,Africa,True
Lithuania,Europe,True
Luxembourg,Europe,False
North Macedonia,Europe,False
Madagascar,Africa,True
Malawi,Africa,False
Malaysia,Asia,True
Maldives,Asia,True
Mali,Africa,False
Malta,Europe,True
Mauritania,Africa,True
Mauritius,Africa,True
Micronesia,Oceania,True
Moldova,Europe,False
Mongolia,Asia,False
Montenegro,Europe,True
Morocco,Africa,True
Mozambique,Africa,True
Myanmar,Asia,True
Namibia,Africa,True
Nepal,Asia,False
Netherlands,Europe,True
New Zealand,Oceania,True
Niger,Africa,False
Nigeria,Africa,True
Norway,Europe,True
Oman,Asia,True
Pakistan,Asia,True
Panama,North America,True
Paraguay,South America,False
Peru,South America,True
Philippines,Asia,True
Poland,Europe,True
Portugal,Europe,True
Qatar,Asia,True
Romania,Europe,True
Russia,Europe,True
Rwanda,Africa,False
Samoa,Oceania,True
Saudi Arabia,Asia,True
Senegal,Africa,True
Serbia,Europe,False
Seychelles,Africa,True
Sierra Leone,Africa,True
Singapore,Asia,True
Slovakia,Europe,False
Slovenia,Europe,True
Solomon Islands,Oceania,True
South Africa,Africa,True
South Korea,Asia,True
Spain,Europe,True
Sri Lanka,Asia,True
St. Vincent and the Grenadines,North America,True
Sudan,Africa,True
Suriname,South America,True
Sweden,Europe,True
Switzerland,Europe,False
Tajikistan,Asia,False
Tanzania,Africa,True
Thailand,Asia,True
Timor-Leste,Asia,True
Togo,Africa,True
Tonga,Oceania,True
Tunisia,Africa,True
Turkey,Asia,True
Turkmenistan,Asia,False
Uganda,Africa,False
Ukraine,Europe,True
United Arab Emirates,Asia,True
United Kingdom,Europe,True
United States,North America,True
Uruguay,South America,True
Uzbekistan,Asia,False
Vanuatu,Oceania,True
Venezuela,South America,True
Vietnam,Asia,True
Yemen,Asia,True
Zambia,Africa,False
