country,child_mort,exports,health,imports,income,inflation,life_expec,total_fer,gdpp,regime_type,continent,coast,binary_idh
Afghanistan,90.2,10.0,7.58,44.9,1610,9.44,56.2,5.82,553,Authoritarian,Asia,False,False
Albania,16.6,28.0,6.55,48.6,9930,4.49,76.3,1.65,4090,Flawed democracy,Europe,True,True
Algeria,27.3,38.4,4.17,31.4,12900,16.1,76.5,2.89,4460,Authoritarian,Africa,True,True
Angola,119.0,62.3,2.85,42.9,5900,22.4,60.1,6.16,3530,Hybrid regime,Africa,True,False
Argentina,14.5,18.9,8.1,16.0,18700,20.9,75.8,2.37,10300,Flawed democracy,South America,True,True
Armenia,18.1,20.8,4.4,45.3,6700,7.77,73.3,1.69,3220,Hybrid regime,Asia,False,True
Australia,4.8,19.8,8.73,20.9,41400,1.16,82.0,1.93,51900,Full democracy,Oceania,True,True
Austria,4.3,51.3,11.0,47.8,43200,0.873,80.5,1.44,46900,Full democracy,Europe,False,True
Azerbaijan,39.2,54.3,5.88,20.7,16000,13.8,69.1,1.92,5840,Authoritarian,Asia,True,True
Bahrain,8.6,69.5,4.97,50.9,41100,7.44,76.0,2.16,20700,Authoritarian,Asia,True,True
Bangladesh,49.4,16.0,3.52,21.8,2440,7.14,70.4,2.33,758,Hybrid regime,Asia,True,False
Belarus,5.5,51.4,5.61,64.5,16200,15.1,70.4,1.49,6030,Authoritarian,Europe,False,True
Belgium,4.5,76.4,10.7,74.7,41100,1.88,80.0,1.86,44400,Flawed democracy,Europe,True,True
Benin,111.0,23.8,4.1,37.2,1820,0.885,61.8,5.36,758,Hybrid regime,Africa,True,False
Bhutan,42.7,42.5,5.2,70.7,6420,5.99,72.1,2.38,2180,Hybrid regime,Asia,False,False
Bolivia,46.6,41.2,4.84,34.3,5410,8.78,71.6,3.2,1980,Hybrid regime,South America,False,False
Bosnia and Herzegovina,6.9,29.7,11.1,51.3,9720,1.4,76.8,1.31,4610,Hybrid regime,Europe,True,True
Botswana,52.5,43.6,8.3,51.3,13300,8.92,57.1,2.88,6350,Flawed democracy,Africa,False,False
Brazil,19.8,10.7,9.01,11.8,14500,8.41,74.2,1.8,11200,Flawed democracy,South America,True,True
Bulgaria,10.8,50.2,6.87,53.0,15300,1.11,73.9,1.57,6840,Flawed democracy,Europe,True,True
Burkina Faso,116.0,19.2,6.74,29.6,1430,6.81,57.9,5.87,575,Authoritarian,Africa,False,False
Burundi,93.6,8.92,11.6,39.2,764,12.3,57.7,6.26,231,Authoritarian,Africa,False,False
Cambodia,44.4,54.1,5.68,59.5,2520,3.12,66.1,2.88,786,Authoritarian,Asia,True,False
Cameroon,108.0,22.2,5.13,27.0,2660,1.91,57.3,5.11,1310,Authoritarian,Africa,True,False
Canada,5.6,29.1,11.3,31.0,40700,2.87,81.3,1.63,47400,Full democracy,North America,True,True
Cape Verde,26.5,32.7,4.09,61.8,5830,0.505,72.5,2.67,3310,Flawed democracy,Africa,True,False
Central African Republic,149.0,11.8,3.98,26.5,888,2.01,47.5,5.21,446,Authoritarian,Africa,False,False
Chad,150.0,36.8,4.53,43.5,1930,6.39,56.5,6.59,897,Authoritarian,Africa,False,False
Chile,8.7,37.7,7.96,31.3,19400,8.96,79.1,1.88,12900,Flawed democracy,South America,True,True
China,15.7,26.3,5.07,22.6,9530,6.94,74.6,1.59,4560,Authoritarian,Asia,True,True
Colombia,18.6,15.9,7.59,17.8,10900,3.86,76.4,2.01,6250,Flawed democracy,South America,True,True
Comoros,88.2,16.5,4.51,51.7,1410,3.87,65.9,4.75,769,Authoritarian,Africa,True,False
Democratic Republic of the Congo,116.0,41.1,7.91,49.6,609,20.8,57.5,6.54,334,Authoritarian,Africa,False,False
Republic of the Congo,63.9,85.1,2.46,54.7,5190,20.7,60.4,4.95,2740,Authoritarian,Africa,True,False
Costa Rica,10.2,33.2,10.9,35.0,13000,6.57,80.4,1.92,8200,Full democracy,North America,True,True
Ivory Coast,111.0,50.6,5.3,43.3,2690,5.39,56.3,5.27,1220,Hybrid regime,Africa,True,False
Croatia,5.5,37.6,7.76,38.1,20100,0.821,76.3,1.55,13500,Flawed democracy,Europe,True,True
Cyprus,3.6,50.2,5.97,57.5,33900,2.01,79.9,1.42,30800,Flawed democracy,Europe,True,True
Czech Republic,3.4,66.0,7.88,62.9,28300,-1.43,77.5,1.51,19800,Flawed democracy,Europe,False,True
Denmark,4.1,50.5,11.4,43.6,44000,3.22,79.5,1.87,58000,Full democracy,Europe,True,True
Dominican Republic,34.4,22.7,6.22,33.3,11100,5.44,74.6,2.6,5450,Flawed democracy,North America,True,True
Ecuador,25.1,27.9,8.06,32.4,9350,7.47,76.7,2.66,4660,Hybrid regime,South America,True,True
Egypt,29.1,21.3,4.66,26.6,9860,10.1,70.5,3.19,2600,Authoritarian,Africa,True,False
El Salvador,19.2,26.9,6.91,46.6,7300,2.65,74.1,2.27,2990,Hybrid regime,North America,True,False
Equatorial Guinea,111.0,85.8,4.48,58.9,33700,24.9,60.9,5.21,17100,Authoritarian,Africa,True,False
Eritrea,55.2,4.79,2.66,23.3,1420,11.6,61.7,4.61,482,Authoritarian,Africa,True,False
Estonia,4.5,75.1,6.03,68.7,22700,1.74,76.0,1.72,14600,Flawed democracy,Europe,True,True
Fiji,24.1,57.8,4.86,63.9,7350,4.23,65.3,2.67,3650,Hybrid regime,Oceania,True,False
Finland,3.0,38.7,8.95,37.4,39800,0.351,80.0,1.87,46200,Full democracy,Europe,True,True
France,4.2,26.8,11.9,28.1,36900,1.05,81.4,2.03,40600,Full democracy,Europe,True,True
Gabon,63.7,57.7,3.5,18.9,15400,16.6,62.9,4.08,8750,Authoritarian,Africa,True,False
Gambia,80.3,23.8,5.69,42.7,1660,4.3,65.5,5.71,562,Hybrid regime,Africa,True,False
Georgia,16.5,35.0,10.1,52.8,6730,8.55,72.8,1.92,2960,Hybrid regime,Asia,True,True
Germany,4.2,42.3,11.6,37.1,40400,0.758,80.1,1.39,41800,Full democracy,Europe,True,True
Ghana,74.7,29.5,5.22,45.9,3060,16.6,62.2,4.27,1310,Flawed democracy,Africa,True,False
Greece,3.9,22.1,10.3,30.7,28700,0.673,80.4,1.48,26900,Full democracy,Europe,True,True
Guatemala,35.4,25.8,6.85,36.3,6710,5.14,71.3,3.38,2830,Hybrid regime,North America,True,False
Guinea,109.0,30.3,4.93,43.2,1190,16.1,58.0,5.34,648,Authoritarian,Africa,True,False
Guinea-Bissau,114.0,14.9,8.5,35.2,1390,2.97,55.6,5.05,547,Authoritarian,Africa,True,False
Guyana,37.6,51.4,5.38,79.1,5840,5.73,65.5,2.65,3040,Flawed democracy,South America,True,False
Haiti,208.0,15.3,6.91,64.7,1500,5.45,32.1,3.33,662,Authoritarian,North America,True,False
Hungary,6.0,81.8,7.33,76.5,22300,2.33,74.5,1.25,13100,Flawed democracy,Europe,False,True
Iceland,2.6,53.4,9.4,43.3,38800,5.47,82.0,2.2,41900,Full democracy,Europe,True,True
India,58.8,22.6,4.05,27.1,4410,8.98,66.2,2.6,1350,Flawed democracy,Asia,True,False
Indonesia,33.3,24.3,2.61,22.4,8430,15.3,69.9,2.48,3110,Flawed democracy,Asia,True,False
Iran,19.3,24.4,5.6,19.4,17400,15.9,74.5,1.76,6530,Authoritarian,Asia,True,True
Iraq,36.9,39.4,8.41,34.1,12700,16.6,67.2,4.56,4500,Authoritarian,Asia,True,False
Ireland,4.2,103.0,9.19,86.5,45700,-3.22,80.4,2.05,48700,Full democracy,Europe,True,True
Israel,4.6,35.0,7.63,32.9,29600,1.77,81.4,3.03,30600,Flawed democracy,Asia,True,True
Italy,4.0,25.2,9.53,27.2,36200,0.319,81.7,1.46,35800,Flawed democracy,Europe,True,True
Jamaica,18.1,31.3,4.81,49.6,8000,9.81,74.7,2.17,4680,Flawed democracy,North America,True,False
Japan,3.2,15.0,9.49,13.6,35800,-1.9,82.8,1.39,44500,Full democracy,Asia,True,True
Jordan,21.1,48.3,8.04,69.0,9470,8.43,75.8,3.66,3680,Authoritarian,Asia,False,False
Kazakhstan,21.5,44.2,4.29,29.9,20100,19.5,68.4,2.6,9070,Authoritarian,Asia,False,True
Kenya,62.2,20.7,4.75,33.6,2480,2.09,62.8,4.37,967,Hybrid regime,Africa,True,False
Kuwait,10.8,66.7,2.63,30.4,75200,11.2,78.2,2.21,38500,Authoritarian,Asia,True,True
Kyrgyzstan,29.6,51.6,6.18,81.7,2790,10.0,68.5,3.1,880,Authoritarian,Asia,False,False
Laos,78.9,35.4,4.47,49.3,3980,9.2,63.8,3.15,1140,Authoritarian,Asia,False,False
Latvia,7.8,53.7,6.68,55.1,18300,-0.812,73.1,1.36,11300,Flawed democracy,Europe,True,True
Lebanon,10.3,35.8,7.03,60.2,16300,0.238,79.8,1.61,8860,Authoritarian,Asia,True,False
Lesotho,99.7,39.4,11.1,101.0,2380,4.15,46.5,3.3,1170,Flawed democracy,Africa,False,False
Liberia,89.3,19.1,11.8,92.6,700,5.47,60.8,5.02,327,Hybrid regime,Africa,True,False
Libya,16.6,65.6,3.88,42.1,29600,14.2,76.1,2.41,12100,Authoritarian,Africa,True,True
Lithuania,6.1,65.3,7.04,67.2,21100,2.38,73.2,1.5,12000,Flawed democracy,Europe,True,True
Luxembourg,2.8,175.0,7.77,142.0,91700,3.62,81.3,1.63,105000,Full democracy,Europe,False,True
North Macedonia,10.4,39.8,7.09,58.1,11400,2.04,74.0,1.47,4540,Flawed democracy,Europe,False,True
Madagascar,62.2,25.0,3.77,43.0,1390,8.79,60.8,4.6,413,Hybrid regime,Africa,True,False
Malawi,90.5,22.8,6.59,34.9,1030,12.1,53.1,5.31,459,Hybrid regime,Africa,False,False
Malaysia,7.9,86.9,4.39,71.0,21100,7.27,74.5,2.15,9070,Flawed democracy,Asia,True,True
Mali,137.0,22.8,4.98,35.1,1870,4.37,59.5,6.55,708,Authoritarian,Africa,False,False
Malta,6.8,153.0,8.65,154.0,28300,3.83,80.3,1.36,21100,Flawed democracy,Europe,True,True
Mauritania,97.4,50.7,4.41,61.2,3320,18.9,68.2,4.98,1200,Hybrid regime,Africa,True,False
Mauritius,15.0,51.2,6.0,62.2,15900,1.13,73.4,1.57,8000,Full democracy,Africa,True,True
Moldova,17.2,39.2,11.7,78.5,3910,11.1,69.7,1.27,1630,Flawed democracy,Europe,False,True
Mongolia,26.1,46.7,5.44,56.7,7710,39.2,66.2,2.64,2650,Flawed democracy,Asia,False,False
Montenegro,6.8,37.0,9.11,62.7,14000,1.6,76.4,1.77,6680,Flawed democracy,Europe,True,True
Morocco,33.5,32.2,5.2,43.0,6440,0.976,73.5,2.58,2830,Hybrid regime,Africa,True,False
Mozambique,101.0,31.5,5.21,46.2,918,7.64,54.5,5.56,419,Authoritarian,Africa,True,False
Myanmar,64.4,0.109,1.97,0.0659,3720,7.04,66.8,2.41,988,Authoritarian,Asia,True,False
Namibia,56.0,47.8,6.78,60.7,8460,3.56,58.6,3.6,5190,Flawed democracy,Africa,True,False
Nepal,47.0,9.58,5.25,36.4,1990,15.1,68.3,2.61,592,Hybrid regime,Asia,False,False
Netherlands,4.5,72.0,11.9,63.6,45500,0.848,80.7,1.79,50300,Full democracy,Europe,True,True
New Zealand,6.2,30.3,10.1,28.0,32300,3.73,80.9,2.17,33700,Full democracy,Oceania,True,True
Niger,123.0,22.2,5.16,49.1,814,2.55,58.8,7.49,348,Authoritarian,Africa,False,False
Nigeria,130.0,25.3,5.07,17.4,5150,104.0,60.5,5.84,2330,Hybrid regime,Africa,True,False
Norway,3.2,39.7,9.48,28.5,62300,5.95,81.0,1.95,87800,Full democracy,Europe,True,True
Oman,11.7,65.7,2.77,41.2,45300,15.6,76.1,2.9,19300,Authoritarian,Asia,True,True
Pakistan,92.1,13.5,2.2,19.4,4280,10.9,65.3,3.85,1040,Authoritarian,Asia,True,False
Panama,19.7,70.0,8.1,78.2,15400,2.59,77.8,2.62,8080,Flawed democracy,North America,True,True
Paraguay,24.1,55.1,5.87,51.5,7290,6.1,74.1,2.73,3230,Flawed democracy,South America,False,False
Peru,20.3,27.8,5.08,23.8,9960,5.71,77.9,2.54,5020,Hybrid regime,South America,True,True
Philippines,31.9,34.8,3.61,36.6,5600,4.22,69.0,3.16,2130,Flawed democracy,Asia,True,False
Poland,6.0,40.1,7.46,42.1,21800,1.66,76.3,1.41,12600,Flawed democracy,Europe,True,True
Portugal,3.9,29.9,11.0,37.4,27200,0.643,79.8,1.39,22500,Flawed democracy,Europe,True,True
Qatar,9.0,62.3,1.81,23.8,125000,6.98,79.5,2.07,70300,Authoritarian,Asia,True,True
Romania,11.5,32.6,5.58,38.8,17800,3.53,73.7,1.59,8230,Flawed democracy,Europe,True,True
Russia,10.0,29.2,5.08,21.1,23100,14.2,69.2,1.57,10700,Authoritarian,Europe,True,True
Rwanda,63.6,12.0,10.5,30.0,1350,2.61,64.6,4.51,563,Authoritarian,Africa,False,False
Saudi Arabia,15.7,49.6,4.29,33.0,45400,17.2,75.1,2.96,19300,Authoritarian,Asia,True,True
Senegal,66.8,24.9,5.66,40.3,2180,1.85,64.0,5.06,1000,Hybrid regime,Africa,True,False
Serbia,7.6,32.9,10.4,47.9,12700,5.88,74.7,1.4,5410,Flawed democracy,Europe,False,True
Sierra Leone,160.0,16.8,13.1,34.5,1220,17.2,55.0,5.2,399,Hybrid regime,Africa,True,False
Singapore,2.8,200.0,3.96,174.0,72100,-0.046,82.7,1.15,46600,Flawed democracy,Asia,True,True
Slovakia,7.0,76.3,8.79,77.8,25200,0.485,75.5,1.43,16600,Flawed democracy,Europe,False,True
Slovenia,3.2,64.3,9.41,62.9,28700,-0.987,79.5,1.57,23400,Flawed democracy,Europe,True,True
South Africa,53.7,28.6,8.94,27.4,12000,6.35,54.3,2.59,7280,Flawed democracy,Africa,True,False
South Korea,4.1,49.4,6.93,46.2,30400,3.16,80.1,1.23,22100,Full democracy,Asia,True,True
Spain,3.8,25.5,9.54,26.8,32500,0.16,81.9,1.37,30700,Full democracy,Europe,True,True
Sri Lanka,11.2,19.6,2.94,26.8,8560,22.8,74.4,2.2,2810,Flawed democracy,Asia,True,True
Sudan,76.7,19.7,6.32,17.2,3370,19.6,66.3,4.88,1480,Authoritarian,Africa,True,False
Suriname,24.1,52.5,7.01,38.4,14200,7.2,70.3,2.52,8300,Flawed democracy,South America,True,False
Sweden,3.0,46.2,9.63,40.7,42900,0.991,81.5,1.98,52100,Full democracy,Europe,True,True
Switzerland,4.5,64.0,11.5,53.3,55500,0.317,82.2,1.52,74600,Full democracy,Europe,False,True
Tajikistan,52.4,14.9,5.98,58.6,2110,12.5,69.6,3.51,738,Authoritarian,Asia,False,False
Tanzania,71.9,18.7,6.01,29.1,2090,9.25,59.3,5.43,702,Hybrid regime,Africa,True,False
Thailand,14.9,66.5,3.88,60.8,13500,4.08,76.6,1.55,5080,Flawed democracy,Asia,True,True
Timor-Leste,62.6,2.2,9.12,27.8,1850,26.5,71.1,6.23,3600,Flawed democracy,Asia,True,False
Togo,90.3,40.2,7.65,57.3,1210,1.18,58.7,4.87,488,Authoritarian,Africa,True,False
Tunisia,17.4,50.5,6.21,55.3,10400,3.82,76.9,2.14,4140,Hybrid regime,Africa,True,False
Turkey,19.1,20.4,6.74,25.5,18000,7.01,78.2,2.15,10700,Hybrid regime,Asia,True,True
Turkmenistan,62.0,76.3,2.5,44.5,9940,2.31,67.9,2.83,4440,Authoritarian,Asia,False,False
Uganda,81.0,17.1,9.01,28.6,1540,10.6,56.8,6.15,595,Hybrid regime,Africa,False,False
Ukraine,11.7,47.1,7.72,51.1,7820,13.4,70.4,1.44,2970,Hybrid regime,Europe,True,False
United Arab Emirates,8.6,77.7,3.66,63.6,57600,12.5,76.5,1.87,35000,Authoritarian,Asia,True,True
United Kingdom,5.2,28.2,9.64,30.8,36200,1.57,80.3,1.92,38900,Full democracy,Europe,True,True
United States,7.3,12.4,17.9,15.8,49400,1.22,78.7,1.93,48400,Flawed democracy,North America,True,True
Uruguay,10.6,26.3,8.35,25.4,17100,4.91,76.4,2.08,11900,Full democracy,South America,True,True
Uzbekistan,36.3,31.7,5.81,28.5,4240,16.5,68.8,2.34,1380,Authoritarian,Asia,False,False
Venezuela,17.1,28.5,4.91,17.6,16500,45.9,75.4,2.47,13500,Authoritarian,South America,True,False
Vietnam,23.3,72.0,6.84,80.2,4490,12.1,73.1,1.95,1310,Authoritarian,Asia,True,False
Yemen,56.3,30.0,5.18,34.4,4480,23.6,67.5,4.67,1310,Authoritarian,Asia,True,False
Zambia,83.1,37.0,5.89,30.9,3280,14.0,52.0,5.4,1460,Hybrid regime,Africa,False,False
